CREATE TABLE INVENTORY(
  INVT_ID      VARCHAR(20),
  INVT_NAME    NVARCHAR(15),
  INVT_QOH     INT,
  INVT_RP      INT,
  INVT_SC      INT,
  INVT_RQ      INT,
  PRIMARY KEY(INVT_ID)
); 

/*  */

CREATE TABLE SALES_ORDER(
  ORD_ID     VARCHAR(20),       
  ORD_DATE    DATETIME,  
  PRIMARY KEY(ORD_ID)
); 

/*  */

CREATE TABLE SALES_ORDER_LINE(
  INVT_ID              VARCHAR(20),  
  ORD_ID               VARCHAR(20),
  ORD_LINE_QUANTITY	    INT, 
  ORD_LINE_AMOUNT	    INT, 
  PRIMARY KEY (INVT_ID, ORD_ID)
);

/*  */

CREATE TABLE BILL_OF_LADING(
  LAD_ID   VARCHAR(20),  
  LAD_DATE    DATETIME,
  PRIMARY KEY(LAD_ID)
);

/*  */

CREATE TABLE INVOICE(
  INV_ID     VARCHAR(20),
  INV_DATE    DATETIME,
  INV_AMOUNT  INT,
  PRIMARY KEY(INV_ID)
);

/*  */

CREATE TABLE REMITTANCE_SINGLE(
  REM_ID      VARCHAR(20),  
  REM_DATE     DATETIME,
  REM_AMOUNT   NUMERIC(10,2),
  PRIMARY KEY(REM_ID)
);

/*  */

CREATE TABLE ACCOUNT(
  ACCT_NUM      VARCHAR(20),
  ACCT_BALANCE  INT,
  PRIMARY KEY(ACCT_NUM)
);

/*  */

CREATE TABLE CUSTOMER(
  CUS_ID      VARCHAR(20),
  CUS_NAME    NVARCHAR(10),
  CUS_BA      NVARCHAR(50),
  CUS_SA      NVARCHAR(50),
  CUS_CR      VARCHAR(5),
  CUS_PHONE   VARCHAR(15),
  CUS_FAX     VARCHAR(15),
  CUS_MAIL    VARCHAR(30),
  CUS_IC      NVARCHAR(10),
  PRIMARY KEY(CUS_ID)
);

/*  */

CREATE TABLE SHIPPING_COMPANY(
  SHIP_ID       VARCHAR(20),
  SHIP_NAME     NVARCHAR(10),   
  SHIP_ADDRESS  NVARCHAR(50),  
  SHIP_PHONE    VARCHAR(15),    
  SHIP_FAX      VARCHAR(20),                   
  SHIP_MAIL     NVARCHAR(50),    
  SHIP_RP  　   NVARCHAR(10),
  PRIMARY KEY(SHIP_ID)
);

/*  */

CREATE TABLE EMPLOYEE(
  EMP_NUM         VARCHAR(20),  
  EMP_NAME        NVARCHAR(10),
  EMP_HIRE_DATE   DATETIME,
  EMP_PHONE       VARCHAR(15),
  EMP_ID          VARCHAR(10),
  EMP_MAIL        VARCHAR(30),
  EMP_GENDER      NCHAR(1),
  EMP_BIRTHDAY    DATETIME,
  EMP_ADDRESS     NVARCHAR(50),
  PRIMARY KEY(EMP_NUM)
);

/*  */

CREATE Table DEPARTMENT(
  DEPT_ID  VARCHAR(20),
  DEPT_NAME   NVARCHAR(15),
  PRIMARY KEY(DEPT_ID)
);

/*  */

CREATE TABLE 　BANK(
  BANK_CODE     VARCHAR(20),
  BANK_NAME     NVARCHAR(10),
  BANK_PHONE    VARCHAR(15),
  BANK_ADDRESS  NVARCHAR(50),
  PRIMARY KEY(BANK_CODE)
);

/*  */

CREATE TABLE　VENDOR(
  VEN_ID      VARCHAR(20),
  VEN_NAME    NVARCHAR(10),
  VEN_PHONE   VARCHAR(15),
  VEN_FAX     VARCHAR(15),
  VEN_MAIL    VARCHAR(30),
  VEN_IC      NVARCHAR(10),
  PRIMARY KEY(VEN_ID)
);

/*  */

CREATE TABLE　WAREHOUSE(
  WHSE_ID      VARCHAR(20),  
  WHSE_ADDRESS  NVARCHAR(50),        
  WHSE_PHONE    VARCHAR(15),  
  PRIMARY KEY(WHSE_ID)
);


/* ADD INVENTORY FOREIGN KEY*/
ALTER TABLE INVENTORY ADD VEN_ID　VARCHAR(20);
ALTER TABLE INVENTORY ADD WHSE_ID VARCHAR(20);
ALTER TABLE INVENTORY ADD FOREIGN KEY(VEN_ID) REFERENCES VENDOR ON UPDATE CASCADE;
ALTER TABLE INVENTORY ADD FOREIGN KEY(WHSE_ID) REFERENCES WAREHOUSE ON UPDATE CASCADE;

/* ADD SALES_ORDER FOREIGN KEY*/
ALTER TABLE SALES_ORDER ADD CUS_ID VARCHAR(20);
ALTER TABLE SALES_ORDER ADD EMP_NUM VARCHAR(20);
ALTER TABLE SALES_ORDER ADD FOREIGN KEY(CUS_ID) REFERENCES CUSTOMER ON UPDATE CASCADE;
ALTER TABLE SALES_ORDER ADD FOREIGN KEY(EMP_NUM) REFERENCES EMPLOYEE ON UPDATE CASCADE;

/* ADD SALES_ORDER_LINE FOREIGN KEY*/
ALTER TABLE SALES_ORDER_LINE ADD FOREIGN KEY(INVT_ID) REFERENCES INVENTORY ON UPDATE CASCADE;
ALTER TABLE SALES_ORDER_LINE ADD FOREIGN KEY(ORD_ID) REFERENCES SALES_ORDER ON UPDATE CASCADE;

/* ADD BILL_OF_LADING FOREIGN KEY*/
ALTER TABLE BILL_OF_LADING ADD SHIP_ID VARCHAR(20);  
ALTER TABLE BILL_OF_LADING ADD ORD_ID VARCHAR(20);
ALTER TABLE BILL_OF_LADING ADD EMP_NUM VARCHAR(20);
ALTER TABLE BILL_OF_LADING ADD FOREIGN KEY(SHIP_ID) REFERENCES SHIPPING_COMPANY ON UPDATE CASCADE; 
ALTER TABLE BILL_OF_LADING ADD FOREIGN KEY(ORD_ID) REFERENCES SALES_ORDER ON UPDATE CASCADE;
ALTER TABLE BILL_OF_LADING ADD FOREIGN KEY(EMP_NUM) REFERENCES EMPLOYEE ON DELETE CASCADE;

/* ADD INVOICE FOREIGN KEY*/
ALTER TABLE INVOICE ADD CUS_ID VARCHAR(20);
ALTER TABLE INVOICE ADD LAD_ID　VARCHAR(20);
ALTER TABLE INVOICE ADD FOREIGN KEY(CUS_ID) REFERENCES CUSTOMER ON DELETE CASCADE;
ALTER TABLE INVOICE ADD FOREIGN KEY(LAD_ID) REFERENCES BILL_OF_LADING ON DELETE CASCADE;

/* ADD REMITTANCE_SINGLE FOREIGN KEY*/
ALTER TABLE REMITTANCE_SINGLE ADD CUS_ID VARCHAR(20);
ALTER TABLE REMITTANCE_SINGLE ADD INV_ID VARCHAR(20);  
ALTER TABLE REMITTANCE_SINGLE ADD ACCT_NUM VARCHAR(20);  
ALTER TABLE REMITTANCE_SINGLE ADD EMP_NUM VARCHAR(20);
ALTER TABLE REMITTANCE_SINGLE ADD FOREIGN KEY(CUS_ID) REFERENCES CUSTOMER ON DELETE CASCADE;
ALTER TABLE REMITTANCE_SINGLE ADD FOREIGN KEY(INV_ID) REFERENCES INVOICE ON DELETE CASCADE; 
ALTER TABLE REMITTANCE_SINGLE ADD FOREIGN KEY(ACCT_NUM) REFERENCES ACCOUNT ON DELETE CASCADE; 
ALTER TABLE REMITTANCE_SINGLE ADD FOREIGN KEY(EMP_NUM) REFERENCES EMPLOYEE ON DELETE CASCADE;

/* ADD ACCOUNT FOREIGN KEY*/
ALTER TABLE ACCOUNT ADD BANK_CODE VARCHAR(20);
ALTER TABLE ACCOUNT ADD FOREIGN KEY(BANK_CODE) REFERENCES BANK ON UPDATE CASCADE;

/* ADD EMPLOYEE FOREIGN KEY*/
ALTER TABLE EMPLOYEE ADD DEPT_ID VARCHAR(20);
ALTER TABLE EMPLOYEE ADD FOREIGN KEY(DEPT_ID) REFERENCES DEPARTMENT ON UPDATE CASCADE;

/* ADD VENDOR FOREIGN KEY*/
ALTER TABLE VENDOR ADD INVT_ID VARCHAR(20);
ALTER TABLE VENDOR ADD FOREIGN KEY(INVT_ID) REFERENCES INVENTORY ON DELETE CASCADE;

/* ADD WAREHOUSE FOREIGN KEY*/
ALTER TABLE WAREHOUSE ADD EMP_NUM VARCHAR(20);
ALTER TABLE WAREHOUSE ADD FOREIGN KEY(EMP_NUM) REFERENCES EMPLOYEE ON DELETE CASCADE;

/* Customer Rows */
INSERT INTO CUSTOMER VALUES('C001011', N'無尾熊股份有限公司', N'253新北市石門區德茂里八甲路4-3號', N'252新北市三芝區番社路8號', 'AA-', '02-2600-0000', '02-26100000', 'koala@gmail.com', N'張帆');
INSERT INTO CUSTOMER VALUES('C001012', N'鯊魚股份有限公司', N'300新竹市北區經國路二段150號', N'305新竹縣新埔鎮九芎湖32號', 'AA+', '03-588-0000', '03-5891111', 'shark@gmail.com', N'羅伊人');
INSERT INTO CUSTOMER VALUES('C001013', N'鱷魚股份有限公司', N'424台中市和平區中正路91號', N'424台中市和平區中正路91號', 'A+', '04-2265-0000', '04-22652222', 'crocodile@gmail.com', N'陳隆');
INSERT INTO CUSTOMER VALUES('C001014', N'斑馬股份有限公司', N'336桃園市復興區華陵里9鄰巴崚88-1號', N'336桃園市復興區華陵村11鄰180-2號', 'BBB+', '03-391-0000', '03-3923333', 'zebra@gmail.com', N'許婷婷');
INSERT INTO CUSTOMER VALUES('C001015', N'河馬股份有限公司', N'100台北市中正區忠孝西路一段43號', N'100台北市中正區忠孝西路一段43號', 'A-', '02-2361-0000', '02-23624444', 'hippo@gmail.com', N'顏曉');
INSERT INTO CUSTOMER VALUES('C001016', N'長頸鹿股份有限公司', N'421台中市后里區月湖東路358巷102號', N'421台中市后里區月湖東路358巷102號', 'AA', '04-2558-0000', '04-25595555', 'giraffe@gmail.com', N'韓益添');
INSERT INTO CUSTOMER VALUES('C001017', N'獅子股份有限公司', N'632雲林縣虎尾鎮信義路69號', N'632雲林縣虎尾鎮信義路69號', 'AAA', '05-636-0000', '05-6366666', 'lion@gmail.com', N'吳靜宜');
INSERT INTO CUSTOMER VALUES('C001018', N'海豹股份有限公司', N'741台南市善化區成功路252號', N'741台南市善化區成功路252號', 'BBB-', '06-583-0000', '06-5837777', 'seal@gmail.com', N'廖承凱');
INSERT INTO CUSTOMER VALUES('C001019', N'企鵝股份有限公司', N'840高雄市大樹區義大八街100號', N'813高雄市左營區崇德路801號', 'A', '07-341-0000', '07-3418888', 'penguin@gmail.com', N'洪筱蕙');
INSERT INTO CUSTOMER VALUES('C001020', N'羚羊股份有限公司', N'978花蓮縣瑞穗鄉廣東路161號', N'978花蓮縣瑞穗鄉廣東路161號', 'BB+', '03-881-0000', '03-8819999', 'antelope@gmail.com', N'韋勝勳');

/*Shipping Company Rows */
INSERT INTO SHIPPING_COMPANY VALUES(565001, N'蘋果貨運股份有限公司', N'833高雄市鳥松區圓山路2號', '07-3698542','07-3698542', 'Betty@Pghu.com'   ,N'陳婷'  );
INSERT INTO SHIPPING_COMPANY VALUES(565002, N'橘子貨運股份有限公司', N'708台南市安平區國勝路82號', '06-8451214','06-8451214', 'Kevin@Gzhu.com'   ,N'張鎧'  );
INSERT INTO SHIPPING_COMPANY VALUES(565003, N'香蕉貨運股份有限公司', N'426台中市新社區協中街23號', '04-78879457','04-78879457', 'Claire@Sjhu.com'   ,N'趙英'  );
INSERT INTO SHIPPING_COMPANY VALUES(565004, N'葡萄貨運股份有限公司', N'235新北市中和區中山路三段122號', '02-54411124','02-54411124', 'Jack@Pthu.com'   ,N'陳祥'  );
INSERT INTO SHIPPING_COMPANY VALUES(565005, N'西瓜貨運股份有限公司', N'971花蓮縣新城鄉七星街79巷5號', '03-1122548','03-1122548', 'Ann@Sghu.com'   ,N'李可'  );

/* Department Rows */
INSERT INTO DEPARTMENT VALUES('Sales', N'銷售部門');
INSERT INTO DEPARTMENT VALUES('Export', N'出貨部門');
INSERT INTO DEPARTMENT VALUES('Stores', N'倉管部門');
INSERT INTO DEPARTMENT VALUES('HR', N'人力資源部門');
INSERT INTO DEPARTMENT VALUES('Finance', N'財務部門');

/* Employee Rows */
INSERT INTO EMPLOYEE VALUES(111, N'韓小裕', '2017-01-25', '0980-123-123', 'A123456789', 'han@gmail.com', N'男', '1989-05-05', N'105台北市松山區南京東路三段255號', 'Sales');
INSERT INTO EMPLOYEE VALUES(112, N'李小白', '2017-05-10', '0981-456-456', 'A188888888', 'li@gmail.com', N'男', '1994-01-26', N'242新北市新莊區中正路82號', 'Sales');
INSERT INTO EMPLOYEE VALUES(113, N'柳小元', '2017-05-30', '0928-789-789', 'C122222222', 'liu@gmail.com', N'男', '1991-12-16', N'330桃園市桃園區大興西路一段200號', 'Sales');
INSERT INTO EMPLOYEE VALUES(114, N'關曉雨', '2017-06-29', '0984-357-753', 'D233333333', 'guan@gmail.com', N'女', '1991-10-10', N'262宜蘭縣礁溪鄉仁愛路29號', 'Sales');
INSERT INTO EMPLOYEE VALUES(115, N'杜小甫', '2017-08-30', '0905-951-159', 'E144444444', 'du@gmail.com', N'男', '1996-07-21', N'110台北市信義區松壽路2號', 'Export');
INSERT INTO EMPLOYEE VALUES(116, N'蘇筱珣', '2017-10-09', '0921-654-564', 'A299999999', 'su@gmail.com', N'女', '1989-09-29', N'231新北市新店區寶橋路235巷15號', 'Export');
INSERT INTO EMPLOYEE VALUES(117, N'朱小亮', '2017-11-17', '0910-010-010', 'W100000000', 'zhu@gmail.com', N'男', '1994-08-31', N'234新北市永和區永和路一段23號', 'Stores');
INSERT INTO EMPLOYEE VALUES(118, N'張小樑', '2017-12-24', '0912-368-863', 'F155555555', 'zhang@gmail.com', N'男', '1995-03-02', N'108台北市萬華區艋舺大道167號', 'Stores');
INSERT INTO EMPLOYEE VALUES(119, N'劉曉蓓', '2018-01-30', '0958-555-666', 'B211111111', 'bei@gmail.com', N'女', '1990-01-26', N'100台北市中正區重慶南路一段86號', 'Stores');
INSERT INTO EMPLOYEE VALUES(120, N'張小妃', '2018-01-30', '0966-841-148', 'G266666666', 'fei@gmail.com', N'女', '1991-02-14', N'103台北市大同區太原路57號', 'HR');

/* Bank Rows */
INSERT INTO BANK VALUES('BKTWTWTP', N'臺灣銀行', '02-2349-3456', N'台北市中正區重慶南路一段120號');
INSERT INTO BANK VALUES('UBOTTWTP', N'聯邦商業銀行', '02-2718-0001', N'台北市松山區民生東路三段109號1、2樓');
INSERT INTO BANK VALUES('UWCBTWTP', N'國泰世華商業銀行', '02-8722-6666', N'台北市松仁路七號1樓');
INSERT INTO BANK VALUES('TACBTWTP', N'合作金庫商業銀行', '02-2173-8888', N'臺北市松山區長安東路2段225號');
INSERT INTO BANK VALUES('TPBKTWTP', N'台北富邦商業銀行', '02-2771-6699', N'台北市仁愛路4段169號');

/* Account Rows */
INSERT INTO ACCOUNT VALUES('0040037-78946', 8945, 'BKTWTWTP');
INSERT INTO ACCOUNT VALUES('0040037-33210', 485512, 'BKTWTWTP');
INSERT INTO ACCOUNT VALUES('8030021-45669', 44512, 'UBOTTWTP');
INSERT INTO ACCOUNT VALUES('0040037-76897', 100123, 'UBOTTWTP');
INSERT INTO ACCOUNT VALUES('0130017-1025', 111000, 'UWCBTWTP');
INSERT INTO ACCOUNT VALUES('0130017-9856', 478511, 'UWCBTWTP');
INSERT INTO ACCOUNT VALUES('0060567-332104', 54977, 'TACBTWTP');
INSERT INTO ACCOUNT VALUES('0060567-164588', 45612, 'TACBTWTP');
INSERT INTO ACCOUNT VALUES('0122009-89874', 56998741, 'TPBKTWTP');
INSERT INTO ACCOUNT VALUES('0172015-22315', 12558, 'TPBKTWTP');

/* Vendor Rows*/
INSERT INTO VENDOR VALUES('PA001' ,N'真的好股份有限公司'  ,'02-56478941'  , '02-56478941' , 'Bill@JDh.com'   ,N'陳浩'  ,'E00305');
INSERT INTO VENDOR VALUES('PA002' ,N'超級股份有限公司'    ,'02-45127844'  , '02-45127844' , 'Kate@CG.com'    ,N'詹曉芳','E00309');
INSERT INTO VENDOR VALUES('PA003' ,N'開心股份有限公司'    ,'04-35002617'  , '04-35002617' , 'June@KS.com'    ,N'陳心慧','E00310');
INSERT INTO VENDOR VALUES('PA004' ,N'好旺股份有限公司'    ,'03-2578214'   , '03-2578214'  , 'Allen@HW.com'   ,N'李大維','E00301');
INSERT INTO VENDOR VALUES('PA005' ,N'樹屋股份有限公司'    ,'03-7245946'   , '03-7245946'  , 'Mike@SW.com'    ,N'張家華','E00302');
INSERT INTO VENDOR VALUES('PA006' ,N'文具多股份有限公司'  ,'03-8001122'   , '03-8001122'  , 'Leo@WGD.com'    ,N'鄭宏','E00303');
INSERT INTO VENDOR VALUES('PA007' ,N'OK股份有限公司'     ,'04-95001324'  , '04-95001324' , 'Ben@OK.com'     ,N'詹文浩','E00306');
INSERT INTO VENDOR VALUES('PA008' ,N'賺翻了股份有限公司'  ,'05-3206987'   , '05-3206987'  , 'Lily@JFL.com'   ,N'黃萱','E00304');
INSERT INTO VENDOR VALUES('PA009' ,N'勝利股份有限公司'    ,'08-3669821'   , '08-3669821'  , 'Denny@SL.com'   ,N'李成','E00308');
INSERT INTO VENDOR VALUES('PA010' ,N'有看頭股份有限公司'  ,'03-6257614'   , '03-6257614'  , 'Hannah@UKT.com' ,N'蔡美芳','E00307');

/* Warehouse Rows */
INSERT INTO WAREHOUSE VALUES(31021 ,N'104台北市中山區明水路661號'       ,'02-45997886' ,117);
INSERT INTO WAREHOUSE VALUES(31022 ,N'320桃園市中壢區龍勇路141號'       ,'03-4579963'  ,118);
INSERT INTO WAREHOUSE VALUES(31023 ,N'406台中市北屯區豐樂二街29號'      ,'04-54499612' ,117);
INSERT INTO WAREHOUSE VALUES(31024 ,N'608嘉義縣水上鄉塗溝村下塗溝1號之6' ,'05-6450012'  ,118);
INSERT INTO WAREHOUSE VALUES(31025 ,N'920屏東縣潮州鎮潮州路670號'       ,'08-1234110'  ,119);

/* Inventory Rows */
INSERT INTO INVENTORY VALUES('E00301' ,'PEN'          ,4560 ,3050 ,23  ,1000 ,'PA001',31021);
INSERT INTO INVENTORY VALUES('E00302' ,'PENCIL'       ,3562 ,2560 ,15  ,600  ,'PA003',31021);
INSERT INTO INVENTORY VALUES('E00303' ,'ERASER'       ,1200 ,800  ,8   ,320  ,'PA002',31022);
INSERT INTO INVENTORY VALUES('E00304' ,'RULER'        ,652  ,530  ,29  ,120  ,'PA005',31025);
INSERT INTO INVENTORY VALUES('E00305' ,'HIGHTLIGHTER' ,358  ,305  ,20  ,240  ,'PA009',31025);
INSERT INTO INVENTORY VALUES('E00306' ,'MARKER'       ,5964 ,3050 ,36  ,630  ,'PA006',31023);
INSERT INTO INVENTORY VALUES('E00307' ,'SCISSOR'      ,412  ,350  ,43  ,130  ,'PA004',31022);
INSERT INTO INVENTORY VALUES('E00308' ,'COMPASS'      ,245  ,210  ,50  ,60   ,'PA001',31023);
INSERT INTO INVENTORY VALUES('E00309' ,'GLUE'         ,2546 ,2360 ,18  ,320  ,'PA007',31024);
INSERT INTO INVENTORY VALUES('E00310' ,'TAPE'         ,1660 ,1570 ,32  ,160  ,'PA008',31025);

/* Sales_Order Rows */
INSERT INTO SALES_ORDER VALUES(10101, '2019/08/27', 'C001013', 111);
INSERT INTO SALES_ORDER VALUES(10102, '2019/09/10', 'C001011', 113);
INSERT INTO SALES_ORDER VALUES(10103, '2019/10/23', 'C001015', 111);
INSERT INTO SALES_ORDER VALUES(10104, '2019/11/05', 'C001019', 112);
INSERT INTO SALES_ORDER VALUES(10105, '2019/12/19', 'C001018', 114);
INSERT INTO SALES_ORDER VALUES(10106, '2020/01/20', 'C001012', 114);
INSERT INTO SALES_ORDER VALUES(10107, '2020/02/11', 'C001011', 112);
INSERT INTO SALES_ORDER VALUES(10108, '2020/03/09', 'C001016', 113);
INSERT INTO SALES_ORDER VALUES(10109, '2020/04/30', 'C001017', 111);
INSERT INTO SALES_ORDER VALUES(10110, '2020/05/13', 'C001014', 112);

/*Sales_Order_Line Rows */
INSERT INTO SALES_ORDER_LINE VALUES('E00303' ,10101 ,50 ,400);
INSERT INTO SALES_ORDER_LINE VALUES('E00305' ,10102 ,40 ,800);
INSERT INTO SALES_ORDER_LINE VALUES('E00302' ,10103 ,32 ,480);
INSERT INTO SALES_ORDER_LINE VALUES('E00309' ,10104 ,40 ,720);
INSERT INTO SALES_ORDER_LINE VALUES('E00301' ,10105 ,22 ,506);
INSERT INTO SALES_ORDER_LINE VALUES('E00310' ,10106 ,30 ,960);
INSERT INTO SALES_ORDER_LINE VALUES('E00306' ,10107 ,20 ,720);
INSERT INTO SALES_ORDER_LINE VALUES('E00304' ,10108 ,30 ,870);
INSERT INTO SALES_ORDER_LINE VALUES('E00302' ,10109 ,10 ,430);
INSERT INTO SALES_ORDER_LINE VALUES('E00307' ,10110 ,25 ,750);

/* Bill_of_Lading Rows */
INSERT INTO BILL_OF_LADING VALUES(12345, '2019/12/12', 565002, 10101, 115);
INSERT INTO BILL_OF_LADING VALUES(12346, '2020/02/25', 565005, 10102, 115);
INSERT INTO BILL_OF_LADING VALUES(12347, '2020/03/18', 565002, 10103, 116);
INSERT INTO BILL_OF_LADING VALUES(12348, '2020/04/25', 565003, 10104, 116);
INSERT INTO BILL_OF_LADING VALUES(12349, '2020/05/18', 565002, 10105, 116);
INSERT INTO BILL_OF_LADING VALUES(12350, '2020/06/20', 565001, 10106, 115);
INSERT INTO BILL_OF_LADING VALUES(12351, '2020/07/15', 565001, 10107, 115);
INSERT INTO BILL_OF_LADING VALUES(12352, '2020/08/27', 565005, 10108, 116);
INSERT INTO BILL_OF_LADING VALUES(12353, '2020/09/15', 565004, 10109, 115);
INSERT INTO BILL_OF_LADING VALUES(12354, '2020/10/30', 565005, 10110, 116);

/* Invoice Rows */
INSERT INTO INVOICE VALUES('ZJ-45631878', '2019/08/27', 400, 'C001011', 12349);
INSERT INTO INVOICE VALUES('ZJ-45631954', '2019/09/10', 800, 'C001016', 12345);
INSERT INTO INVOICE VALUES('ZJ-45633977', '2019/10/23', 480, 'C001015', 12351);
INSERT INTO INVOICE VALUES('ZJ-45634012', '2019/11/05', 720, 'C001014', 12345);
INSERT INTO INVOICE VALUES('ZJ-45634562', '2019/12/19', 506, 'C001019', 12348);
INSERT INTO INVOICE VALUES('ZJ-45635210', '2020/01/20', 960, 'C001012', 12347);
INSERT INTO INVOICE VALUES('ZJ-45637541', '2020/02/11', 720, 'C001013', 12353);
INSERT INTO INVOICE VALUES('ZJ-45637667', '2020/03/09', 870, 'C001017', 12350);
INSERT INTO INVOICE VALUES('ZJ-45638647', '2020/04/30', 430, 'C001011', 12345);
INSERT INTO INVOICE VALUES('ZJ-45640159', '2020/05/13', 750, 'C001018', 12346);
 
/* Remittance_Single Rows */
INSERT INTO REMITTANCE_SINGLE VALUES(21103, '2020/01/30', 400, 'C001013', 'ZJ-45631878', '0040037-78946' ,111);
INSERT INTO REMITTANCE_SINGLE VALUES(21104, '2020/03/30', 800, 'C001011', 'ZJ-45631954', '8030021-45669' ,113);
INSERT INTO REMITTANCE_SINGLE VALUES(21105, '2020/04/30', 480, 'C001015', 'ZJ-45633977', '0130017-1025'  ,119);
INSERT INTO REMITTANCE_SINGLE VALUES(21106, '2020/05/30', 720, 'C001019', 'ZJ-45634012', '0060567-332104',112);
INSERT INTO REMITTANCE_SINGLE VALUES(21107, '2020/06/30', 506, 'C001018', 'ZJ-45634562', '0122009-89874' ,116);
INSERT INTO REMITTANCE_SINGLE VALUES(21108, '2020/07/30', 960, 'C001012', 'ZJ-45635210', '0060567-164588',115);
INSERT INTO REMITTANCE_SINGLE VALUES(21109, '2020/08/30', 720, 'C001011', 'ZJ-45637541', '0040037-33210' ,114);
INSERT INTO REMITTANCE_SINGLE VALUES(21110, '2020/09/30', 870, 'C001016', 'ZJ-45637667', '0040037-76897' ,117);
INSERT INTO REMITTANCE_SINGLE VALUES(21111, '2020/10/30', 430, 'C001017', 'ZJ-45638647', '0130017-9856'  ,113);
INSERT INTO REMITTANCE_SINGLE VALUES(21112, '2020/11/30', 750, 'C001014', 'ZJ-45640159', '0172015-22315' ,116);
